{"count":1,"gauges":{"CarDrive.CumulativeReward":{"count":11,"max":6.67801762,"min":-2.15987229,"value":3.64243054,"weightedAverage":1.28840268}},"self":64.830432,"total":65.163090099999991,"children":{"AgentSendState":{"count":3251,"self":0.1188646,"total":0.26552749999999997,"children":{"CollectObservations":{"count":3251,"self":0.133428,"total":0.133428,"children":null},"CollectDiscreteActionMasks":{"count":3251,"self":0.013234899999999999,"total":0.013234899999999999,"children":null}}},"DecideAction":{"count":3251,"self":0.0086155,"total":0.0086155,"children":null},"AgentAct":{"count":3251,"self":0.0575163,"total":0.0575163,"children":null}}}