{"count":1,"gauges":{},"self":172.3611392,"total":242.4280772,"children":{"AgentSendState":{"count":48399,"self":4.2359,"total":8.9017552,"children":{"CollectObservations":{"count":193596,"self":3.9293223999999998,"total":3.9293221999999997,"children":null},"CollectDiscreteActionMasks":{"count":193596,"self":0.73653289999999993,"total":0.73653289999999993,"children":null}}},"DecideAction":{"count":48399,"self":58.785216,"total":58.7852155,"children":null},"AgentAct":{"count":48399,"self":2.3789713999999997,"total":2.3789713999999997,"children":null}}}