{"count":1,"gauges":{},"self":1.6735659999999999,"total":1.6755657,"children":{"AgentSendState":{"count":1,"self":0.0010000999999999999,"total":0.0010000999999999999,"children":{"CollectObservations":{"count":1,"self":0,"total":0,"children":null}}}}}