{"count":1,"gauges":{},"self":64.379212799999991,"total":71.6235033,"children":{"AgentSendState":{"count":3546,"self":0.844498,"total":1.8952879999999999,"children":{"CollectObservations":{"count":50354,"self":0.8924337,"total":0.8924337,"children":null},"CollectDiscreteActionMasks":{"count":50354,"self":0.1583563,"total":0.1583563,"children":null}}},"DecideAction":{"count":3546,"self":4.826,"total":4.8259998999999993,"children":null},"AgentAct":{"count":3546,"self":0.5219986,"total":0.5219986,"children":null}}}