{"count":1,"gauges":{},"self":3.7886688,"total":4.0000133999999994,"children":{"AgentSendState":{"count":171,"self":0.0090066,"total":0.0199331,"children":{"CollectObservations":{"count":171,"self":0.010926499999999999,"total":0.010926499999999999,"children":null},"CollectDiscreteActionMasks":{"count":171,"self":0,"total":0,"children":null}}},"DecideAction":{"count":171,"self":0.18737589999999998,"total":0.18737589999999998,"children":null},"AgentAct":{"count":171,"self":0.0030437999999999997,"total":0.0030437999999999997,"children":null}}}