{"count":1,"gauges":{},"self":23.933465599999998,"total":25.122734599999998,"children":{"AgentSendState":{"count":645,"self":0.1738119,"total":0.397625,"children":{"CollectObservations":{"count":11639,"self":0.1885073,"total":0.1885073,"children":null},"CollectDiscreteActionMasks":{"count":11639,"self":0.0353058,"total":0.0353058,"children":null}}},"DecideAction":{"count":645,"self":0.6896412,"total":0.6896412,"children":null},"AgentAct":{"count":645,"self":0.10000389999999999,"total":0.10000389999999999,"children":null}}}