{"count":1,"gauges":{"CarDrive.CumulativeReward":{"count":1,"max":0.00417169649,"min":0.00417169649,"value":0.00417169649,"weightedAverage":0.00417169649}},"self":5.4784124,"total":5.9180756,"children":{"AgentSendState":{"count":278,"self":0.0126308,"total":0.022466,"children":{"CollectObservations":{"count":278,"self":0.0098240999999999988,"total":0.0098240999999999988,"children":null},"CollectDiscreteActionMasks":{"count":278,"self":1.1099999999999999E-05,"total":1.1099999999999999E-05,"children":null}}},"DecideAction":{"count":278,"self":0.40677179999999996,"total":0.40677179999999996,"children":null},"AgentAct":{"count":278,"self":0.0094136999999999988,"total":0.0094136999999999988,"children":null}}}