{"count":1,"gauges":{"CarDrive.CumulativeReward":{"count":4,"max":-0.787591755,"min":-1,"value":-1,"weightedAverage":-0.8961584}},"self":1.0368443999999999,"total":1.2191883,"children":{"AgentSendState":{"count":68,"self":0.0066028,"total":0.0210116,"children":{"CollectObservations":{"count":369,"self":0.013378099999999999,"total":0.013378099999999999,"children":null},"CollectDiscreteActionMasks":{"count":369,"self":0.0010306999999999998,"total":0.0010306999999999998,"children":null}}},"DecideAction":{"count":68,"self":0.15174569999999998,"total":0.15174569999999998,"children":null},"AgentAct":{"count":68,"self":0.0085758,"total":0.0085758,"children":null}}}